{"cameraMode":{"drawMode":0,"name":"Shaded","section":"Shading Mode"},"sceneLighting":true,"audioPlay":false,"sceneViewState":{"showFog":true,"showMaterialUpdate":false,"showSkybox":true,"showFlares":true,"showImageEffects":true,"showParticleSystems":true},"in2DMode":false,"pivot":{"x":139.08908081054688,"y":367.47186279296877,"z":-268.43109130859377},"rotation":{"x":-0.17933616042137147,"y":0.010666923597455025,"z":-0.0016674770740792156,"w":-0.9837676286697388},"size":133.82460021972657,"orthographic":false}