{"cameraMode":{"drawMode":0,"name":"Shaded","section":"Shading Mode"},"sceneLighting":false,"audioPlay":false,"sceneViewState":{"showFog":true,"showMaterialUpdate":false,"showSkybox":false,"showFlares":true,"showImageEffects":true,"showParticleSystems":true},"in2DMode":false,"pivot":{"x":0.13032159209251405,"y":0.5501483678817749,"z":0.6664043664932251},"rotation":{"x":-0.06157129257917404,"y":0.9118966460227966,"z":-0.1478157788515091,"w":-0.3779974579811096},"size":1.7147305011749268,"orthographic":false}