{"cameraMode":{"drawMode":0,"name":"Shaded","section":"Shading Mode"},"sceneLighting":true,"audioPlay":false,"sceneViewState":{"showFog":true,"showMaterialUpdate":false,"showSkybox":true,"showFlares":true,"showImageEffects":true,"showParticleSystems":true},"in2DMode":false,"pivot":{"x":20.122343063354493,"y":7.985241889953613,"z":0.10935087502002716},"rotation":{"x":0.1575804352760315,"y":-0.759344220161438,"z":0.19923140108585359,"w":0.599183201789856},"size":3.6271913051605226,"orthographic":false}