{"cameraMode":{"drawMode":0,"name":"Shaded","section":"Shading Mode"},"sceneLighting":true,"audioPlay":false,"sceneViewState":{"showFog":true,"showMaterialUpdate":false,"showSkybox":true,"showFlares":true,"showImageEffects":true,"showParticleSystems":true},"in2DMode":false,"pivot":{"x":6.300512790679932,"y":10.287665367126465,"z":-12.320378303527832},"rotation":{"x":0.22485893964767457,"y":0.014866708777844906,"z":-0.003737275954335928,"w":0.9743516445159912},"size":0.2857840359210968,"orthographic":false}