{"cameraMode":{"drawMode":0,"name":"Shaded","section":"Shading Mode"},"sceneLighting":true,"audioPlay":false,"sceneViewState":{"showFog":true,"showMaterialUpdate":false,"showSkybox":false,"showFlares":true,"showImageEffects":true,"showParticleSystems":true},"in2DMode":false,"pivot":{"x":-2.0381224155426027,"y":2.9519309997558595,"z":-0.5027270317077637},"rotation":{"x":-0.20552146434783936,"y":0.4909129738807678,"z":-0.1200534999370575,"w":-0.8381189703941345},"size":40.010372161865237,"orthographic":false}