{"cameraMode":{"drawMode":0,"name":"Shaded","section":"Shading Mode"},"sceneLighting":false,"audioPlay":false,"sceneViewState":{"showFog":true,"showMaterialUpdate":true,"showSkybox":true,"showFlares":true,"showImageEffects":true,"showParticleSystems":true},"in2DMode":false,"pivot":{"x":-5.007447719573975,"y":-1.2035138607025147,"z":7.525066375732422},"rotation":{"x":0.010502330958843232,"y":-0.002999749267473817,"z":0.000030874314688844606,"w":0.9999403953552246},"size":2.857884645462036,"orthographic":false}