{"cameraMode":{"drawMode":0,"name":"Shaded","section":"Shading Mode"},"sceneLighting":false,"audioPlay":false,"sceneViewState":{"showFog":true,"showMaterialUpdate":true,"showSkybox":true,"showFlares":true,"showImageEffects":true,"showParticleSystems":true},"in2DMode":false,"pivot":{"x":-19.399612426757814,"y":1.3041863441467286,"z":5.02694034576416},"rotation":{"x":0.2905554175376892,"y":-0.06452486664056778,"z":0.019641587510704995,"w":0.9544780254364014},"size":2.8578836917877199,"orthographic":false}