{"cameraMode":{"drawMode":0,"name":"Shaded","section":"Shading Mode"},"sceneLighting":true,"audioPlay":false,"sceneViewState":{"showFog":true,"showMaterialUpdate":true,"showSkybox":true,"showFlares":true,"showImageEffects":true,"showParticleSystems":true},"in2DMode":false,"pivot":{"x":-11.101722717285157,"y":-11.441911697387696,"z":21.414093017578126},"rotation":{"x":0.21529223024845124,"y":-0.2317901849746704,"z":0.05268494039773941,"w":0.9471783638000488},"size":39.144615173339847,"orthographic":false}