{"cameraMode":{"drawMode":0,"name":"Shaded","section":"Shading Mode"},"sceneLighting":false,"audioPlay":false,"sceneViewState":{"showFog":true,"showMaterialUpdate":true,"showSkybox":true,"showFlares":true,"showImageEffects":true,"showParticleSystems":true},"in2DMode":false,"pivot":{"x":-0.06797623634338379,"y":0.3355502784252167,"z":-0.3244122564792633},"rotation":{"x":0.010502330958843232,"y":-0.002999749267473817,"z":0.000030874314688844606,"w":0.9999403953552246},"size":1.4289418458938599,"orthographic":false}